timestamp,epoch,step,lm_loss,aux_loss,total_loss
1791559884.2754667,1,20,63.65784,615.16309,69.80947
1791560082.2850695,1,40,59.41184,605.17236,65.46356
1791560280.6963298,1,60,58.66043,603.62305,64.69666
1791560480.709615,1,80,59.18441,603.43457,65.21875
1791560677.1674235,1,100,58.44656,602.95410,64.47610
1791560879.7423983,1,120,55.50887,602.91357,61.53800
1791561079.1638439,1,140,57.15889,602.64551,63.18534
1791561282.1434934,1,160,56.24322,602.50977,62.26832
1791561515.2236938,2,180,47.28753,512.20215,52.40955
1791561731.841789,2,200,53.92086,602.63232,59.94718
1791561946.8478608,2,220,52.47260,602.68506,58.49945
1791562162.148343,2,240,55.93295,602.87695,61.96172
1791562363.3511245,2,260,52.49239,602.92578,58.52165
1791562563.398342,2,280,51.59246,603.08398,57.62330
1791562762.8100514,2,300,53.15709,602.98193,59.18691
1791562995.1724088,2,320,52.26816,602.88672,58.29703
1791563281.7057824,3,340,36.45025,422.12549,40.67151
1791563506.3549235,3,360,50.83494,603.03223,56.86526
1791563705.1983972,3,380,50.57754,602.92529,56.60679
1791563902.1115143,3,400,51.99250,603.26025,58.02510
1791564118.6832898,3,420,51.09744,602.95996,57.12704
1791564325.3592772,3,440,49.38356,603.30566,55.41662
1791564523.0176222,3,460,46.97001,603.52246,53.00523
1791564721.5234458,3,480,50.31611,603.41113,56.35022
